x,G_exact,G_numeric,abs_error
0.3333333333333333,0.8620436566990363,0.8620436566990362,1.1102230246251565e-16
0.25,0.9161573349021892,0.9161573349021892,0.0
